device,platform,variant,dynamics,traffic_count,temperature,measurement,count,mean_ms,p95_ms,p99_ms,deadline_misses
CPU,macOS-26.6.2-arm64-arm-64bit-Mach-O,direct_reference,holonomic,0,cold_instance,decision,9,0.013236222407107966,0.015316999633796513,0.015396997914649546,0
CPU,macOS-26.6.2-arm64-arm-64bit-Mach-O,direct_reference,holonomic,0,cold_instance,inference,9,0.006287000562426531,0.007850199472159147,0.007903638761490583,0
CPU,macOS-26.6.2-arm64-arm-64bit-Mach-O,direct_reference,holonomic,0,transition,decision,36,0.003197861587977968,0.004823252311325632,0.011141349750687354,0
CPU,macOS-26.6.2-arm64-arm-64bit-Mach-O,direct_reference,holonomic,0,transition,inference,36,0.0010751383443776933,0.0016247504390776157,0.0018312493921257553,0
CPU,macOS-26.6.2-arm64-arm-64bit-Mach-O,direct_reference,holonomic,0,warmed,decision,658,0.002165666889642736,0.0026669949875213206,0.002791999067994766,0
CPU,macOS-26.6.2-arm64-arm-64bit-Mach-O,direct_reference,holonomic,0,warmed,inference,658,0.0008342765375340533,0.001041149880620651,0.0011016281496267746,0
CPU,macOS-26.6.2-arm64-arm-64bit-Mach-O,direct_reference,holonomic,1,cold_instance,decision,67,0.04360944789803045,0.054049801110522815,0.05959749774774537,0
CPU,macOS-26.6.2-arm64-arm-64bit-Mach-O,direct_reference,holonomic,1,cold_instance,inference,67,0.0055615229613787094,0.009046298509929326,0.010421003826195376,0
CPU,macOS-26.6.2-arm64-arm-64bit-Mach-O,direct_reference,holonomic,1,transition,decision,268,0.020569817337021578,0.02703539976209867,0.03624632816354277,0
CPU,macOS-26.6.2-arm64-arm-64bit-Mach-O,direct_reference,holonomic,1,transition,inference,268,0.0011445748108897859,0.001624997821636498,0.0019718579278560347,0
CPU,macOS-26.6.2-arm64-arm-64bit-Mach-O,direct_reference,holonomic,1,warmed,decision,2424,0.01807562093985349,0.02258300082758069,0.03261557103542145,0
CPU,macOS-26.6.2-arm64-arm-64bit-Mach-O,direct_reference,holonomic,1,warmed,inference,2424,0.0009375082131720335,0.0011250012903474271,0.0015735709894215682,0
CPU,macOS-26.6.2-arm64-arm-64bit-Mach-O,direct_reference,holonomic,2,cold_instance,decision,22,0.0859489079051524,0.16531249711988488,0.3191794316808226,0
CPU,macOS-26.6.2-arm64-arm-64bit-Mach-O,direct_reference,holonomic,2,cold_instance,inference,22,0.010751909774791618,0.02205829769081901,0.06396886230504602,0
CPU,macOS-26.6.2-arm64-arm-64bit-Mach-O,direct_reference,holonomic,2,transition,decision,88,0.040301079851897986,0.06584595066669863,0.07812124873453259,0
CPU,macOS-26.6.2-arm64-arm-64bit-Mach-O,direct_reference,holonomic,2,transition,inference,88,0.0012940913207289254,0.002123252852470613,0.002540998175390996,0
CPU,macOS-26.6.2-arm64-arm-64bit-Mach-O,direct_reference,holonomic,2,warmed,decision,703,0.037225455205584845,0.06153779977466911,0.08518500151694758,0
CPU,macOS-26.6.2-arm64-arm-64bit-Mach-O,direct_reference,holonomic,2,warmed,inference,703,0.0010531180893278986,0.0017080019460991025,0.0018749997252598405,0
CPU,macOS-26.6.2-arm64-arm-64bit-Mach-O,direct_reference,holonomic,3,cold_instance,decision,3,0.09398633361949275,0.10551700033829547,0.10713700045016594,0
CPU,macOS-26.6.2-arm64-arm-64bit-Mach-O,direct_reference,holonomic,3,cold_instance,inference,3,0.008917003772997608,0.010817001020768657,0.010997000645147637,0
CPU,macOS-26.6.2-arm64-arm-64bit-Mach-O,direct_reference,holonomic,3,transition,decision,12,0.06042708325063965,0.11185625044163311,0.14557125105056917,0
CPU,macOS-26.6.2-arm64-arm-64bit-Mach-O,direct_reference,holonomic,3,transition,inference,12,0.003437668055994436,0.013314951138454472,0.02356299220991788,0
CPU,macOS-26.6.2-arm64-arm-64bit-Mach-O,direct_reference,holonomic,3,warmed,decision,99,0.049964252434849664,0.060562501312233494,0.07260115657118131,0
CPU,macOS-26.6.2-arm64-arm-64bit-Mach-O,direct_reference,holonomic,3,warmed,inference,99,0.0010581212024195026,0.001500004145782441,0.002135834511136634,0
CPU,macOS-26.6.2-arm64-arm-64bit-Mach-O,direct_reference,holonomic,all,cold_instance,decision,101,0.05162172262974102,0.09745900024427101,0.1687499971012585,0
CPU,macOS-26.6.2-arm64-arm-64bit-Mach-O,direct_reference,holonomic,all,cold_instance,inference,101,0.0068564165330556506,0.01020800118567422,0.022624997654929757,0
CPU,macOS-26.6.2-arm64-arm-64bit-Mach-O,direct_reference,holonomic,all,transition,decision,404,0.024503599231345763,0.047992048712330856,0.07000500278081732,0
CPU,macOS-26.6.2-arm64-arm-64bit-Mach-O,direct_reference,holonomic,all,transition,inference,404,0.001239067036168659,0.0017848498828243451,0.002541004287195392,0
CPU,macOS-26.6.2-arm64-arm-64bit-Mach-O,direct_reference,holonomic,all,warmed,decision,3884,0.019659183823935646,0.04511254483077209,0.061757143994327635,0
CPU,macOS-26.6.2-arm64-arm-64bit-Mach-O,direct_reference,holonomic,all,warmed,inference,3884,0.0009440190232398197,0.0012090022210031748,0.0017499987734481692,0
CPU,macOS-26.6.2-arm64-arm-64bit-Mach-O,marine_mpc,marine,0,cold_instance,decision,9,20.074000109970157,24.995041597867385,25.295774718979374,0
CPU,macOS-26.6.2-arm64-arm-64bit-Mach-O,marine_mpc,marine,0,cold_instance,inference,9,12.336125000729226,15.145458398910705,15.251058078429196,0
CPU,macOS-26.6.2-arm64-arm-64bit-Mach-O,marine_mpc,marine,0,transition,decision,36,19.773259278331857,24.91593774902867,25.558853950133198,0
CPU,macOS-26.6.2-arm64-arm-64bit-Mach-O,marine_mpc,marine,0,transition,inference,36,12.099476860991368,15.502312502576387,15.834357900894247,0
CPU,macOS-26.6.2-arm64-arm-64bit-Mach-O,marine_mpc,marine,0,warmed,decision,745,10.044046420128954,25.096808199305084,26.543130001809903,0
CPU,macOS-26.6.2-arm64-arm-64bit-Mach-O,marine_mpc,marine,0,warmed,inference,745,6.204162092665335,15.488116600317875,16.290646959387225,0
CPU,macOS-26.6.2-arm64-arm-64bit-Mach-O,marine_mpc,marine,1,cold_instance,decision,67,18.364481941133096,24.829112301085843,28.031253340886916,0
CPU,macOS-26.6.2-arm64-arm-64bit-Mach-O,marine_mpc,marine,1,cold_instance,inference,67,11.2072966118437,15.132241294486448,17.263151436782213,0
CPU,macOS-26.6.2-arm64-arm-64bit-Mach-O,marine_mpc,marine,1,transition,decision,268,18.693424910316704,24.679754046883318,33.799497500003774,0
CPU,macOS-26.6.2-arm64-arm-64bit-Mach-O,marine_mpc,marine,1,transition,inference,268,11.395946660591854,15.08368530376174,21.021148219078885,0
CPU,macOS-26.6.2-arm64-arm-64bit-Mach-O,marine_mpc,marine,1,warmed,decision,6264,11.489131914068713,26.493483899685085,32.240367500126,0
CPU,macOS-26.6.2-arm64-arm-64bit-Mach-O,marine_mpc,marine,1,warmed,inference,6264,7.045516965183085,16.223277601966398,19.60485646159213,0
CPU,macOS-26.6.2-arm64-arm-64bit-Mach-O,marine_mpc,marine,2,cold_instance,decision,22,17.534185637156373,24.412908300291747,24.55183750294964,0
CPU,macOS-26.6.2-arm64-arm-64bit-Mach-O,marine_mpc,marine,2,cold_instance,inference,22,10.73529163642723,14.931152050121455,14.992674429013277,0
CPU,macOS-26.6.2-arm64-arm-64bit-Mach-O,marine_mpc,marine,2,transition,decision,88,17.44246401184765,24.35130855301395,24.498865001587546,0
CPU,macOS-26.6.2-arm64-arm-64bit-Mach-O,marine_mpc,marine,2,transition,inference,88,10.639278385993252,14.877084747786284,14.910739079859923,0
CPU,macOS-26.6.2-arm64-arm-64bit-Mach-O,marine_mpc,marine,2,warmed,decision,3381,16.2466218015047,27.953959004662465,31.791908000013784,0
CPU,macOS-26.6.2-arm64-arm-64bit-Mach-O,marine_mpc,marine,2,warmed,inference,3381,9.917942277717476,17.051333001290914,19.37434100109385,0
CPU,macOS-26.6.2-arm64-arm-64bit-Mach-O,marine_mpc,marine,3,cold_instance,decision,3,5.247805665324752,5.355466701439582,5.370493342052214,0
CPU,macOS-26.6.2-arm64-arm-64bit-Mach-O,marine_mpc,marine,3,cold_instance,inference,3,3.227972330932971,3.295238095597597,3.304214815289015,0
CPU,macOS-26.6.2-arm64-arm-64bit-Mach-O,marine_mpc,marine,3,transition,decision,12,5.25702766693333,5.431816852797056,5.457263369607972,0
CPU,macOS-26.6.2-arm64-arm-64bit-Mach-O,marine_mpc,marine,3,transition,inference,12,3.210861000601047,3.307145502185449,3.3307955029886216,0
CPU,macOS-26.6.2-arm64-arm-64bit-Mach-O,marine_mpc,marine,3,warmed,decision,545,8.70653007896681,21.832783397985622,22.996478517598,0
CPU,macOS-26.6.2-arm64-arm-64bit-Mach-O,marine_mpc,marine,3,warmed,inference,545,5.322687923115221,13.355582801159468,14.070512001053428,0
CPU,macOS-26.6.2-arm64-arm-64bit-Mach-O,marine_mpc,marine,all,cold_instance,decision,101,17.94635437682241,24.824415995681193,26.811333002115134,0
CPU,macOS-26.6.2-arm64-arm-64bit-Mach-O,marine_mpc,marine,all,cold_instance,inference,101,10.968062683111771,15.121041993552353,16.899124995688908,0
CPU,macOS-26.6.2-arm64-arm-64bit-Mach-O,marine_mpc,marine,all,transition,decision,404,18.1180603342342,24.571808051769036,31.942223991209175,0
CPU,macOS-26.6.2-arm64-arm-64bit-Mach-O,marine_mpc,marine,all,transition,inference,404,11.050697282200309,14.996647353109438,19.92806072972597,0
CPU,macOS-26.6.2-arm64-arm-64bit-Mach-O,marine_mpc,marine,all,warmed,decision,10935,12.72296516658864,26.805066900851667,31.81743550041574,0
CPU,macOS-26.6.2-arm64-arm-64bit-Mach-O,marine_mpc,marine,all,warmed,inference,10935,7.7904569536354,16.415833198698238,19.41381165757775,0
CPU,macOS-26.6.2-arm64-arm-64bit-Mach-O,marine_mpc_unfiltered,marine,0,cold_instance,decision,9,12.244102109333552,15.283534000627697,15.918774004094303,0
CPU,macOS-26.6.2-arm64-arm-64bit-Mach-O,marine_mpc_unfiltered,marine,0,cold_instance,inference,9,12.234259332924719,15.272566401108634,15.908713282260578,0
CPU,macOS-26.6.2-arm64-arm-64bit-Mach-O,marine_mpc_unfiltered,marine,0,transition,decision,36,12.22838194472489,15.86654200218618,15.944620949812816,0
CPU,macOS-26.6.2-arm64-arm-64bit-Mach-O,marine_mpc_unfiltered,marine,0,transition,inference,36,12.22321649988266,15.861875246628188,15.939233551034704,0
CPU,macOS-26.6.2-arm64-arm-64bit-Mach-O,marine_mpc_unfiltered,marine,0,warmed,decision,745,6.141317786489482,14.737557998159899,16.206365479156347,0
CPU,macOS-26.6.2-arm64-arm-64bit-Mach-O,marine_mpc_unfiltered,marine,0,warmed,inference,745,6.137427271128126,14.733674598392097,16.197995005350066,0
CPU,macOS-26.6.2-arm64-arm-64bit-Mach-O,marine_mpc_unfiltered,marine,1,cold_instance,decision,67,11.11661320834146,15.135645601549186,16.25904477768928,0
CPU,macOS-26.6.2-arm64-arm-64bit-Mach-O,marine_mpc_unfiltered,marine,1,cold_instance,inference,67,11.073953313418532,15.086350000638049,16.209267942322196,0
CPU,macOS-26.6.2-arm64-arm-64bit-Mach-O,marine_mpc_unfiltered,marine,1,transition,decision,268,11.063633052052959,15.040385198517468,17.07198122232511,0
CPU,macOS-26.6.2-arm64-arm-64bit-Mach-O,marine_mpc_unfiltered,marine,1,transition,inference,268,11.032272552392218,14.94343124650186,17.038236141379446,0
CPU,macOS-26.6.2-arm64-arm-64bit-Mach-O,marine_mpc_unfiltered,marine,1,warmed,decision,6264,6.959193089066083,16.127328548100195,17.83720000043104,0
CPU,macOS-26.6.2-arm64-arm-64bit-Mach-O,marine_mpc_unfiltered,marine,1,warmed,inference,6264,6.933174874726345,16.09693929713103,17.803476082990528,0
CPU,macOS-26.6.2-arm64-arm-64bit-Mach-O,marine_mpc_unfiltered,marine,2,cold_instance,decision,22,11.491583272965562,16.78558989879093,21.4251482518739,0
CPU,macOS-26.6.2-arm64-arm-64bit-Mach-O,marine_mpc_unfiltered,marine,2,cold_instance,inference,22,11.426837091262728,16.710262500782846,21.355044427618843,0
CPU,macOS-26.6.2-arm64-arm-64bit-Mach-O,marine_mpc_unfiltered,marine,2,transition,decision,88,10.881200761353035,15.17773695013602,16.749245791361318,0
CPU,macOS-26.6.2-arm64-arm-64bit-Mach-O,marine_mpc_unfiltered,marine,2,transition,inference,88,10.833338988380671,15.125970852750468,16.69407170600607,0
CPU,macOS-26.6.2-arm64-arm-64bit-Mach-O,marine_mpc_unfiltered,marine,2,warmed,decision,3381,9.811848234809716,17.18404100392945,19.891649803321325,0
CPU,macOS-26.6.2-arm64-arm-64bit-Mach-O,marine_mpc_unfiltered,marine,2,warmed,inference,3381,9.724902751560743,17.11641599831637,19.566799599851944,0
CPU,macOS-26.6.2-arm64-arm-64bit-Mach-O,marine_mpc_unfiltered,marine,3,cold_instance,decision,3,3.3614580024732277,3.4978622039488982,3.515838844323298,0
CPU,macOS-26.6.2-arm64-arm-64bit-Mach-O,marine_mpc_unfiltered,marine,3,cold_instance,inference,3,3.2751246665914855,3.4017457997833844,3.4185491599782836,0
CPU,macOS-26.6.2-arm64-arm-64bit-Mach-O,marine_mpc_unfiltered,marine,3,transition,decision,12,3.415430499444483,3.533620494999923,3.5486904944991693,0
CPU,macOS-26.6.2-arm64-arm-64bit-Mach-O,marine_mpc_unfiltered,marine,3,transition,inference,12,3.3510658316420936,3.475495798193151,3.4887327598698903,0
CPU,macOS-26.6.2-arm64-arm-64bit-Mach-O,marine_mpc_unfiltered,marine,3,warmed,decision,545,5.447845884378244,13.868266803910954,14.702867955784312,0
CPU,macOS-26.6.2-arm64-arm-64bit-Mach-O,marine_mpc_unfiltered,marine,3,warmed,inference,545,5.378685214550345,13.75117499701446,14.547741519054393,0
CPU,macOS-26.6.2-arm64-arm-64bit-Mach-O,marine_mpc_unfiltered,marine,all,cold_instance,decision,101,11.0684080193618,15.297082994948141,18.01112500106683,0
CPU,macOS-26.6.2-arm64-arm-64bit-Mach-O,marine_mpc_unfiltered,marine,all,cold_instance,inference,101,11.02256431686058,15.245582995703444,17.958625001483597,0
CPU,macOS-26.6.2-arm64-arm-64bit-Mach-O,marine_mpc_unfiltered,marine,all,transition,decision,404,10.900510497407648,15.127474945620634,16.757295508359675,0
CPU,macOS-26.6.2-arm64-arm-64bit-Mach-O,marine_mpc_unfiltered,marine,all,transition,inference,404,10.86690955196558,15.08590814519266,16.702611986984266,0
CPU,macOS-26.6.2-arm64-arm-64bit-Mach-O,marine_mpc_unfiltered,marine,all,warmed,decision,10935,7.710160233170773,16.492483598995022,18.64687061897712,0
CPU,macOS-26.6.2-arm64-arm-64bit-Mach-O,marine_mpc_unfiltered,marine,all,warmed,inference,10935,7.664661214195984,16.441887298424255,18.581364559504436,0
CPU,macOS-26.6.2-arm64-arm-64bit-Mach-O,marine_sarl,marine,0,cold_instance,decision,9,7.649985889858929,9.190516799571924,9.33477055921685,0
CPU,macOS-26.6.2-arm64-arm-64bit-Mach-O,marine_sarl,marine,0,cold_instance,inference,9,0.008754667457348356,0.010400399332866073,0.010547280544415116,0
CPU,macOS-26.6.2-arm64-arm-64bit-Mach-O,marine_sarl,marine,0,transition,decision,36,7.617070722214218,9.720405751068029,10.024875000817701,0
CPU,macOS-26.6.2-arm64-arm-64bit-Mach-O,marine_sarl,marine,0,transition,inference,36,0.0022348890019606594,0.0029067505238344893,0.003206247856724076,0
CPU,macOS-26.6.2-arm64-arm-64bit-Mach-O,marine_sarl,marine,0,warmed,decision,745,3.6380769058592435,9.270566597115248,9.987340521183796,0
CPU,macOS-26.6.2-arm64-arm-64bit-Mach-O,marine_sarl,marine,0,warmed,inference,745,0.001687300567290177,0.002500003029126674,0.003583563957363367,0
CPU,macOS-26.6.2-arm64-arm-64bit-Mach-O,marine_sarl,marine,1,cold_instance,decision,67,23.72932034306169,28.549453601590354,33.971850218367805,0
CPU,macOS-26.6.2-arm64-arm-64bit-Mach-O,marine_sarl,marine,1,cold_instance,inference,67,16.428148597452804,19.209558096190445,23.482715842110363,0
CPU,macOS-26.6.2-arm64-arm-64bit-Mach-O,marine_sarl,marine,1,transition,decision,268,22.875761466291724,27.751102200636524,39.56046386017988,0
CPU,macOS-26.6.2-arm64-arm-64bit-Mach-O,marine_sarl,marine,1,transition,inference,268,15.735230877066558,18.449748151033415,26.190633035221254,0
CPU,macOS-26.6.2-arm64-arm-64bit-Mach-O,marine_sarl,marine,1,warmed,decision,23429,20.935455575234915,27.62088359886547,34.59276024106659,11
CPU,macOS-26.6.2-arm64-arm-64bit-Mach-O,marine_sarl,marine,1,warmed,inference,23429,16.07880754277201,18.455599597655237,23.550800997181835,8
CPU,macOS-26.6.2-arm64-arm-64bit-Mach-O,marine_sarl,marine,2,cold_instance,decision,22,30.83991286389805,48.89218270545825,89.66705293423725,0
CPU,macOS-26.6.2-arm64-arm-64bit-Mach-O,marine_sarl,marine,2,cold_instance,inference,22,23.373513227191076,33.58147709623154,83.22057307159406,0
CPU,macOS-26.6.2-arm64-arm-64bit-Mach-O,marine_sarl,marine,2,transition,decision,88,26.351769318104992,43.228301646013236,48.32218595649457,0
CPU,macOS-26.6.2-arm64-arm-64bit-Mach-O,marine_sarl,marine,2,transition,inference,88,19.097929477290812,30.347062051805548,40.364649790644656,0
CPU,macOS-26.6.2-arm64-arm-64bit-Mach-O,marine_sarl,marine,2,warmed,decision,9176,24.47818413719495,30.40251074526168,44.64472925064911,0
CPU,macOS-26.6.2-arm64-arm-64bit-Mach-O,marine_sarl,marine,2,warmed,inference,9176,18.050277114963368,23.77823949609592,33.441843748732936,0
CPU,macOS-26.6.2-arm64-arm-64bit-Mach-O,marine_sarl,marine,3,cold_instance,decision,3,21.935554999799933,23.76895350025734,24.014523500518408,0
CPU,macOS-26.6.2-arm64-arm-64bit-Mach-O,marine_sarl,marine,3,cold_instance,inference,3,19.77343033164895,21.52272500024992,21.75884500014945,0
CPU,macOS-26.6.2-arm64-arm-64bit-Mach-O,marine_sarl,marine,3,transition,decision,12,20.083500084486634,22.33578140003374,22.472089879156556,0
CPU,macOS-26.6.2-arm64-arm-64bit-Mach-O,marine_sarl,marine,3,transition,inference,12,17.925413165357895,20.01142730077845,20.14425185872824,0
CPU,macOS-26.6.2-arm64-arm-64bit-Mach-O,marine_sarl,marine,3,warmed,decision,1545,23.101258979201194,29.144350395654325,58.21059847599826,0
CPU,macOS-26.6.2-arm64-arm-64bit-Mach-O,marine_sarl,marine,3,warmed,inference,1545,18.70264514888811,23.93304199649719,52.484043557778904,0
CPU,macOS-26.6.2-arm64-arm-64bit-Mach-O,marine_sarl,marine,all,cold_instance,decision,101,23.792070138604164,31.982125001377426,49.46816600568127,0
CPU,macOS-26.6.2-arm64-arm-64bit-Mach-O,marine_sarl,marine,all,cold_instance,inference,101,16.577250792372322,21.81787500012433,33.656499996141065,0
CPU,macOS-26.6.2-arm64-arm-64bit-Mach-O,marine_sarl,marine,all,transition,decision,404,22.19028792072518,28.457048154086802,44.68703476508367,0
CPU,macOS-26.6.2-arm64-arm-64bit-Mach-O,marine_sarl,marine,all,transition,inference,404,15.130804660999491,20.288821500435006,30.540795492051966,0
CPU,macOS-26.6.2-arm64-arm-64bit-Mach-O,marine_sarl,marine,all,warmed,decision,34895,21.5936500568222,28.5739958009799,40.24340149873751,11
CPU,macOS-26.6.2-arm64-arm-64bit-Mach-O,marine_sarl,marine,all,warmed,inference,34895,16.370155280712538,20.21900820182054,29.13461396106864,8
CPU,macOS-26.6.2-arm64-arm-64bit-Mach-O,orca_filtered,holonomic,0,cold_instance,decision,9,3.688421110079313,4.977874598989729,4.99920771602774,0
CPU,macOS-26.6.2-arm64-arm-64bit-Mach-O,orca_filtered,holonomic,0,cold_instance,inference,9,0.0075648899332413245,0.008683202031534165,0.008736641320865601,0
CPU,macOS-26.6.2-arm64-arm-64bit-Mach-O,orca_filtered,holonomic,0,transition,decision,36,1.8840498612715035,5.297437748595257,5.467521050013602,0
CPU,macOS-26.6.2-arm64-arm-64bit-Mach-O,orca_filtered,holonomic,0,transition,inference,36,0.0017720281498946457,0.002843997208401561,0.003243752871640026,0
CPU,macOS-26.6.2-arm64-arm-64bit-Mach-O,orca_filtered,holonomic,0,warmed,decision,658,0.7805626899199305,3.8657706514641164,5.1759914387366734,0
CPU,macOS-26.6.2-arm64-arm-64bit-Mach-O,orca_filtered,holonomic,0,warmed,inference,658,0.0013570122166549486,0.0018330028979107738,0.0028100618510507025,0
CPU,macOS-26.6.2-arm64-arm-64bit-Mach-O,orca_filtered,holonomic,1,cold_instance,decision,67,3.7651697761003873,5.317812501016305,10.264205720304746,0
CPU,macOS-26.6.2-arm64-arm-64bit-Mach-O,orca_filtered,holonomic,1,cold_instance,inference,67,0.16696276149709027,0.10203749770880671,3.2522057184542184,0
CPU,macOS-26.6.2-arm64-arm-64bit-Mach-O,orca_filtered,holonomic,1,transition,decision,268,2.1364376677424777,4.865518848237115,7.505086058445153,0
CPU,macOS-26.6.2-arm64-arm-64bit-Mach-O,orca_filtered,holonomic,1,transition,inference,268,0.01359777975742316,0.024568300068494864,0.05284060971462165,0
CPU,macOS-26.6.2-arm64-arm-64bit-Mach-O,orca_filtered,holonomic,1,warmed,decision,8376,1.2873688661739229,4.420312250658753,5.599656251433771,0
CPU,macOS-26.6.2-arm64-arm-64bit-Mach-O,orca_filtered,holonomic,1,warmed,inference,8376,0.009488161000904138,0.015666999388486147,0.0257500014413381,0
CPU,macOS-26.6.2-arm64-arm-64bit-Mach-O,orca_filtered,holonomic,2,cold_instance,decision,22,4.78816654570189,5.777957995451288,19.402103677202817,0
CPU,macOS-26.6.2-arm64-arm-64bit-Mach-O,orca_filtered,holonomic,2,cold_instance,inference,22,0.4249223185814282,1.7924437517649494,4.2273355728684665,0
CPU,macOS-26.6.2-arm64-arm-64bit-Mach-O,orca_filtered,holonomic,2,transition,decision,88,3.1405724428788577,5.445364249317208,6.414012961395191,0
CPU,macOS-26.6.2-arm64-arm-64bit-Mach-O,orca_filtered,holonomic,2,transition,inference,88,0.02155536367354216,0.03154550176986955,0.17175563065393223,0
CPU,macOS-26.6.2-arm64-arm-64bit-Mach-O,orca_filtered,holonomic,2,warmed,decision,2552,2.5150878631946534,5.82651510303549,8.61698575048649,0
CPU,macOS-26.6.2-arm64-arm-64bit-Mach-O,orca_filtered,holonomic,2,warmed,inference,2552,0.015744646261281043,0.02282514760736373,0.05139982669788842,0
CPU,macOS-26.6.2-arm64-arm-64bit-Mach-O,orca_filtered,holonomic,3,cold_instance,decision,3,1.1593193339649588,1.177154399920255,1.1775644798763096,0
CPU,macOS-26.6.2-arm64-arm-64bit-Mach-O,orca_filtered,holonomic,3,cold_instance,inference,3,0.06256933314337705,0.0680502998875454,0.06824365991633385,0
CPU,macOS-26.6.2-arm64-arm-64bit-Mach-O,orca_filtered,holonomic,3,transition,decision,12,1.0738124159009506,1.1448770503193373,1.1564090086176293,0
CPU,macOS-26.6.2-arm64-arm-64bit-Mach-O,orca_filtered,holonomic,3,transition,inference,12,0.01635416629142128,0.02796020089590456,0.02922564272012096,0
CPU,macOS-26.6.2-arm64-arm-64bit-Mach-O,orca_filtered,holonomic,3,warmed,decision,542,1.3543970036518853,4.8452079990966,5.7699717491777855,0
CPU,macOS-26.6.2-arm64-arm-64bit-Mach-O,orca_filtered,holonomic,3,warmed,inference,542,0.01257226198155182,0.02366190528846345,0.036831310353591114,0
CPU,macOS-26.6.2-arm64-arm-64bit-Mach-O,orca_filtered,holonomic,all,cold_instance,decision,101,3.9037602672948144,5.485832996782847,10.442707993206568,0
CPU,macOS-26.6.2-arm64-arm-64bit-Mach-O,orca_filtered,holonomic,all,cold_instance,inference,101,0.20584740631609674,0.16250000044237822,4.873208003118634,0
CPU,macOS-26.6.2-arm64-arm-64bit-Mach-O,orca_filtered,holonomic,all,transition,decision,404,2.301106965160666,5.104814346486818,7.3570889762777,0
CPU,macOS-26.6.2-arm64-arm-64bit-Mach-O,orca_filtered,holonomic,all,transition,inference,404,0.014359207888995989,0.024974951520562165,0.054097487518447424,0
CPU,macOS-26.6.2-arm64-arm-64bit-Mach-O,orca_filtered,holonomic,all,warmed,decision,12128,1.5212070643050932,5.198258449672721,5.988461750821442,0
CPU,macOS-26.6.2-arm64-arm-64bit-Mach-O,orca_filtered,holonomic,all,warmed,inference,12128,0.010501340190874203,0.017526652300148257,0.03254997965996148,0
CPU,macOS-26.6.2-arm64-arm-64bit-Mach-O,orca_reference,holonomic,0,cold_instance,decision,9,0.015898109672384128,0.02113299997290596,0.022892999404575676,0
CPU,macOS-26.6.2-arm64-arm-64bit-Mach-O,orca_reference,holonomic,0,cold_instance,inference,9,0.00869444435617576,0.013124998076818882,0.014524997095577419,0
CPU,macOS-26.6.2-arm64-arm-64bit-Mach-O,orca_reference,holonomic,0,transition,decision,36,0.003138916832136197,0.0047087505663512275,0.005429397788248023,0
CPU,macOS-26.6.2-arm64-arm-64bit-Mach-O,orca_reference,holonomic,0,transition,inference,36,0.0013299171162846808,0.0020207498891977593,0.002516548556741326,0
CPU,macOS-26.6.2-arm64-arm-64bit-Mach-O,orca_reference,holonomic,0,warmed,decision,658,0.0023679314675708342,0.002916996891144663,0.0032260605803458,0
CPU,macOS-26.6.2-arm64-arm-64bit-Mach-O,orca_reference,holonomic,0,warmed,inference,658,0.001024951499116842,0.0012500022421590984,0.0013750031939707696,0
CPU,macOS-26.6.2-arm64-arm-64bit-Mach-O,orca_reference,holonomic,1,cold_instance,decision,67,0.6603986557413226,3.2858249025593964,3.535683216614417,0
CPU,macOS-26.6.2-arm64-arm-64bit-Mach-O,orca_reference,holonomic,1,cold_instance,inference,67,0.620165941220319,3.2271544019749845,3.487948440742913,0
CPU,macOS-26.6.2-arm64-arm-64bit-Mach-O,orca_reference,holonomic,1,transition,decision,268,0.03145257106729359,0.04501195180637296,0.07084510987624525,0
CPU,macOS-26.6.2-arm64-arm-64bit-Mach-O,orca_reference,holonomic,1,transition,inference,268,0.010636361787589128,0.01678575317782815,0.027705528918886477,0
CPU,macOS-26.6.2-arm64-arm-64bit-Mach-O,orca_reference,holonomic,1,warmed,decision,11992,0.03094386282220592,0.03170800082443748,0.050715473698801375,0
CPU,macOS-26.6.2-arm64-arm-64bit-Mach-O,orca_reference,holonomic,1,warmed,inference,11992,0.007610909943335873,0.009333001798950136,0.016432028278359236,0
CPU,macOS-26.6.2-arm64-arm-64bit-Mach-O,orca_reference,holonomic,2,cold_instance,decision,22,2.999689273565309,3.466253546503139,37.334402360720524,0
CPU,macOS-26.6.2-arm64-arm-64bit-Mach-O,orca_reference,holonomic,2,cold_instance,inference,22,2.939251863691342,3.407860748848179,37.27531007119975,0
CPU,macOS-26.6.2-arm64-arm-64bit-Mach-O,orca_reference,holonomic,2,transition,decision,88,0.049808727205593394,0.06541460097650997,0.07567654545709944,0
CPU,macOS-26.6.2-arm64-arm-64bit-Mach-O,orca_reference,holonomic,2,transition,inference,88,0.01276652322055518,0.019997600611532107,0.024797328369459082,0
CPU,macOS-26.6.2-arm64-arm-64bit-Mach-O,orca_reference,holonomic,2,warmed,decision,2106,0.044224229699853325,0.053792004109709524,0.1177202015242071,0
CPU,macOS-26.6.2-arm64-arm-64bit-Mach-O,orca_reference,holonomic,2,warmed,inference,2106,0.009413178592002911,0.011624993931036443,0.01944549912877842,0
CPU,macOS-26.6.2-arm64-arm-64bit-Mach-O,orca_reference,holonomic,3,cold_instance,decision,3,1.8113060020065557,3.239067001413787,3.359747001231881,0
CPU,macOS-26.6.2-arm64-arm-64bit-Mach-O,orca_reference,holonomic,3,cold_instance,inference,3,1.738041666006514,3.166946097917389,3.2876228177337907,0
CPU,macOS-26.6.2-arm64-arm-64bit-Mach-O,orca_reference,holonomic,3,transition,decision,12,0.06053808222835263,0.07386089855572209,0.07563937775557861,0
CPU,macOS-26.6.2-arm64-arm-64bit-Mach-O,orca_reference,holonomic,3,transition,inference,12,0.013364668120630085,0.02100275305565446,0.024467753828503195,0
CPU,macOS-26.6.2-arm64-arm-64bit-Mach-O,orca_reference,holonomic,3,warmed,decision,533,0.2116283528418516,0.07149159791879353,0.12151512462878583,0
CPU,macOS-26.6.2-arm64-arm-64bit-Mach-O,orca_reference,holonomic,3,warmed,inference,533,0.010531181913488641,0.013391798711381851,0.020738115126732678,0
CPU,macOS-26.6.2-arm64-arm-64bit-Mach-O,orca_reference,holonomic,all,cold_instance,decision,101,1.1467017321403619,3.381208996870555,3.8027080008760095,0
CPU,macOS-26.6.2-arm64-arm-64bit-Mach-O,orca_reference,holonomic,all,cold_instance,inference,101,1.1040300401999605,3.317791997687891,3.7372079968918115,0
CPU,macOS-26.6.2-arm64-arm-64bit-Mach-O,orca_reference,holonomic,all,transition,decision,404,0.0337918688931288,0.06075974888517515,0.07203698944067582,0
CPU,macOS-26.6.2-arm64-arm-64bit-Mach-O,orca_reference,holonomic,all,transition,inference,404,0.010352109000288495,0.018207996618002653,0.026034468392026604,0
CPU,macOS-26.6.2-arm64-arm-64bit-Mach-O,orca_reference,holonomic,all,warmed,decision,15289,0.037842307651393355,0.05256659933365875,0.07385992124909442,0
CPU,macOS-26.6.2-arm64-arm-64bit-Mach-O,orca_reference,holonomic,all,warmed,inference,15289,0.007677527909055546,0.0106250008684583,0.017130039923358667,0
CPU,macOS-26.6.2-arm64-arm-64bit-Mach-O,sarl_cv_filter,holonomic,0,cold_instance,decision,9,3.6441573328273886,4.911433397501241,4.92922027799068,0
CPU,macOS-26.6.2-arm64-arm-64bit-Mach-O,sarl_cv_filter,holonomic,0,cold_instance,inference,9,0.007726777564837701,0.00879119907040149,0.008924638968892395,0
CPU,macOS-26.6.2-arm64-arm-64bit-Mach-O,sarl_cv_filter,holonomic,0,transition,decision,36,1.8544733334743393,4.944135747791734,4.981312697782414,0
CPU,macOS-26.6.2-arm64-arm-64bit-Mach-O,sarl_cv_filter,holonomic,0,transition,inference,36,0.0019642500572242877,0.003208504494978115,0.004277400148566811,0
CPU,macOS-26.6.2-arm64-arm-64bit-Mach-O,sarl_cv_filter,holonomic,0,warmed,decision,658,0.7870131093885016,3.973945500183616,5.381680874779703,0
CPU,macOS-26.6.2-arm64-arm-64bit-Mach-O,sarl_cv_filter,holonomic,0,warmed,inference,658,0.0012807154414593595,0.0017562982975505284,0.0025596271734684684,0
CPU,macOS-26.6.2-arm64-arm-64bit-Mach-O,sarl_cv_filter,holonomic,1,cold_instance,decision,67,19.496770447281662,24.364003498340022,26.911978219141034,0
CPU,macOS-26.6.2-arm64-arm-64bit-Mach-O,sarl_cv_filter,holonomic,1,cold_instance,inference,67,15.95428364187194,19.523258899425855,21.14713450151613,0
CPU,macOS-26.6.2-arm64-arm-64bit-Mach-O,sarl_cv_filter,holonomic,1,transition,decision,268,17.814816959065894,23.38911075094074,25.845073890886834,0
CPU,macOS-26.6.2-arm64-arm-64bit-Mach-O,sarl_cv_filter,holonomic,1,transition,inference,268,15.390721701710865,18.633014903025465,22.81137500278419,0
CPU,macOS-26.6.2-arm64-arm-64bit-Mach-O,sarl_cv_filter,holonomic,1,warmed,decision,19699,17.53367502213687,22.317083699454088,26.458576482982675,1
CPU,macOS-26.6.2-arm64-arm-64bit-Mach-O,sarl_cv_filter,holonomic,1,warmed,inference,19699,15.729093112599829,18.73312910538516,24.13187031794224,1
CPU,macOS-26.6.2-arm64-arm-64bit-Mach-O,sarl_cv_filter,holonomic,2,cold_instance,decision,22,39.756649590510115,30.956389248967753,319.7443568609012,0
CPU,macOS-26.6.2-arm64-arm-64bit-Mach-O,sarl_cv_filter,holonomic,2,cold_instance,inference,22,36.055634455062155,29.364924700348634,318.1367742501604,0
CPU,macOS-26.6.2-arm64-arm-64bit-Mach-O,sarl_cv_filter,holonomic,2,transition,decision,88,28.352981511654267,52.88309365496379,208.8644651693171,0
CPU,macOS-26.6.2-arm64-arm-64bit-Mach-O,sarl_cv_filter,holonomic,2,transition,inference,88,25.104176693358486,51.278106696918144,206.74109432969954,0
CPU,macOS-26.6.2-arm64-arm-64bit-Mach-O,sarl_cv_filter,holonomic,2,warmed,decision,6640,21.101275431298625,26.53658959461609,37.095547239005015,0
CPU,macOS-26.6.2-arm64-arm-64bit-Mach-O,sarl_cv_filter,holonomic,2,warmed,inference,6640,17.763351542030197,21.232593752938556,32.90011638302528,0
CPU,macOS-26.6.2-arm64-arm-64bit-Mach-O,sarl_cv_filter,holonomic,3,cold_instance,decision,3,18.37333333484518,18.75155000088853,18.803610000904882,0
CPU,macOS-26.6.2-arm64-arm-64bit-Mach-O,sarl_cv_filter,holonomic,3,cold_instance,inference,3,17.302680666034576,17.666437500156462,17.71658750018105,0
CPU,macOS-26.6.2-arm64-arm-64bit-Mach-O,sarl_cv_filter,holonomic,3,transition,decision,12,17.802524165745126,18.40905419412593,18.418477235318278,0
CPU,macOS-26.6.2-arm64-arm-64bit-Mach-O,sarl_cv_filter,holonomic,3,transition,inference,12,16.761534667845506,17.326212800253415,17.36100975962472,0
CPU,macOS-26.6.2-arm64-arm-64bit-Mach-O,sarl_cv_filter,holonomic,3,warmed,decision,1545,22.631244353276962,28.174974402645578,97.22713303635794,0
CPU,macOS-26.6.2-arm64-arm-64bit-Mach-O,sarl_cv_filter,holonomic,3,warmed,inference,1545,20.241078253746714,25.35642480215755,92.82749048143145,0
CPU,macOS-26.6.2-arm64-arm-64bit-Mach-O,sarl_cv_filter,holonomic,all,cold_instance,decision,101,22.46383492038689,26.259041995217558,30.974207998951897,0
CPU,macOS-26.6.2-arm64-arm-64bit-Mach-O,sarl_cv_filter,holonomic,all,cold_instance,inference,101,18.95186678230668,20.784207998076454,29.509583000617567,0
CPU,macOS-26.6.2-arm64-arm-64bit-Mach-O,sarl_cv_filter,holonomic,all,transition,decision,404,18.68768477239914,24.98365179999382,56.64822677601443,0
CPU,macOS-26.6.2-arm64-arm-64bit-Mach-O,sarl_cv_filter,holonomic,all,transition,inference,404,16.17596557943135,20.534091096487828,55.545133257764576,0
CPU,macOS-26.6.2-arm64-arm-64bit-Mach-O,sarl_cv_filter,holonomic,all,warmed,decision,28542,18.25350221696754,24.180337849247678,30.956499559397344,1
CPU,macOS-26.6.2-arm64-arm-64bit-Mach-O,sarl_cv_filter,holonomic,all,warmed,inference,28542,16.08399439692326,20.118688148795627,28.191159998023085,1
CPU,macOS-26.6.2-arm64-arm-64bit-Mach-O,sarl_degraded,holonomic,0,cold_instance,decision,9,3.6065463355043903,4.866058599145617,4.901711720449384,0
CPU,macOS-26.6.2-arm64-arm-64bit-Mach-O,sarl_degraded,holonomic,0,cold_instance,inference,9,0.010796444257721305,0.021541796741075807,0.027008357574231923,0
CPU,macOS-26.6.2-arm64-arm-64bit-Mach-O,sarl_degraded,holonomic,0,transition,decision,36,1.905445527881966,5.347313001038856,5.4024039516662015,0
CPU,macOS-26.6.2-arm64-arm-64bit-Mach-O,sarl_degraded,holonomic,0,transition,inference,36,0.001918888099478661,0.003020750227733515,0.003136950545012951,0
CPU,macOS-26.6.2-arm64-arm-64bit-Mach-O,sarl_degraded,holonomic,0,warmed,decision,658,0.7813338403155501,3.8338294503773795,5.384482998197199,0
CPU,macOS-26.6.2-arm64-arm-64bit-Mach-O,sarl_degraded,holonomic,0,warmed,inference,658,0.001330980344156743,0.0018749997252598405,0.0025356931291753383,0
CPU,macOS-26.6.2-arm64-arm-64bit-Mach-O,sarl_degraded,holonomic,1,cold_instance,decision,67,18.246653597170326,23.992612400616053,25.365655220812187,0
CPU,macOS-26.6.2-arm64-arm-64bit-Mach-O,sarl_degraded,holonomic,1,cold_instance,inference,67,14.653710851275514,18.796037600986892,19.803159504081123,0
CPU,macOS-26.6.2-arm64-arm-64bit-Mach-O,sarl_degraded,holonomic,1,transition,decision,268,17.89807597778059,23.045635300513823,24.522492390678963,0
CPU,macOS-26.6.2-arm64-arm-64bit-Mach-O,sarl_degraded,holonomic,1,transition,inference,268,15.3862470521215,18.61291020286444,19.37796239115414,0
CPU,macOS-26.6.2-arm64-arm-64bit-Mach-O,sarl_degraded,holonomic,1,warmed,decision,27016,18.354479057408003,22.908718245162163,30.086615048276098,10
CPU,macOS-26.6.2-arm64-arm-64bit-Mach-O,sarl_degraded,holonomic,1,warmed,inference,27016,16.18344390423958,19.159343744831858,27.348143801645993,10
CPU,macOS-26.6.2-arm64-arm-64bit-Mach-O,sarl_degraded,holonomic,2,cold_instance,decision,22,29.703369272531496,39.21893365040887,135.24914870657074,0
CPU,macOS-26.6.2-arm64-arm-64bit-Mach-O,sarl_degraded,holonomic,2,cold_instance,inference,22,25.957092772428453,34.81155800254782,131.2625912920338,0
CPU,macOS-26.6.2-arm64-arm-64bit-Mach-O,sarl_degraded,holonomic,2,transition,decision,88,22.442787442576613,26.43052710227493,54.0977864168233,0
CPU,macOS-26.6.2-arm64-arm-64bit-Mach-O,sarl_degraded,holonomic,2,transition,inference,88,19.04197103406411,22.051376652962055,50.659095791051875,0
CPU,macOS-26.6.2-arm64-arm-64bit-Mach-O,sarl_degraded,holonomic,2,warmed,decision,9176,20.273549178938037,26.198271250905236,30.28308324974205,0
CPU,macOS-26.6.2-arm64-arm-64bit-Mach-O,sarl_degraded,holonomic,2,warmed,inference,9176,17.646464453234607,20.55568749528902,25.783292248888756,0
CPU,macOS-26.6.2-arm64-arm-64bit-Mach-O,sarl_degraded,holonomic,3,cold_instance,decision,3,200.95442999687899,509.68107880034944,553.1192821607692,1
CPU,macOS-26.6.2-arm64-arm-64bit-Mach-O,sarl_degraded,holonomic,3,cold_instance,inference,3,199.06436133411867,506.34432920196554,549.5949658419704,1
CPU,macOS-26.6.2-arm64-arm-64bit-Mach-O,sarl_degraded,holonomic,3,transition,decision,12,39.63134350002898,125.02996509829241,154.6175266204955,0
CPU,macOS-26.6.2-arm64-arm-64bit-Mach-O,sarl_degraded,holonomic,3,transition,inference,12,37.742343832481616,121.58420829691745,150.71037525638533,0
CPU,macOS-26.6.2-arm64-arm-64bit-Mach-O,sarl_degraded,holonomic,3,warmed,decision,1545,21.140884530712086,24.296649603638798,54.44823552476,0
CPU,macOS-26.6.2-arm64-arm-64bit-Mach-O,sarl_degraded,holonomic,3,warmed,inference,1545,18.76598914442275,21.699166801408865,51.561931484611684,0
CPU,macOS-26.6.2-arm64-arm-64bit-Mach-O,sarl_degraded,holonomic,all,cold_instance,decision,101,24.864575465507738,26.194999998551793,160.70991599553963,1
CPU,macOS-26.6.2-arm64-arm-64bit-Mach-O,sarl_degraded,holonomic,all,cold_instance,inference,101,21.28856356464912,23.18362500227522,156.8225840019295,1
CPU,macOS-26.6.2-arm64-arm-64bit-Mach-O,sarl_degraded,holonomic,all,transition,decision,404,18.108469846524848,25.297846395915254,39.39896748044701,0
CPU,macOS-26.6.2-arm64-arm-64bit-Mach-O,sarl_degraded,holonomic,all,transition,inference,404,15.475705116157338,20.217160600441275,37.967914777182024,0
CPU,macOS-26.6.2-arm64-arm-64bit-Mach-O,sarl_degraded,holonomic,all,warmed,decision,38395,18.624078076513815,24.741900200751843,30.51640551726442,10
CPU,macOS-26.6.2-arm64-arm-64bit-Mach-O,sarl_degraded,holonomic,all,warmed,inference,38395,16.359687650814347,20.077249995665625,27.58912248042169,10
CPU,macOS-26.6.2-arm64-arm-64bit-Mach-O,sarl_filtered,holonomic,0,cold_instance,decision,9,3.683527665594334,5.122575198765844,5.146548638585955,0
CPU,macOS-26.6.2-arm64-arm-64bit-Mach-O,sarl_filtered,holonomic,0,cold_instance,inference,9,0.008907445590011775,0.011224600893910974,0.011477720399852842,0
CPU,macOS-26.6.2-arm64-arm-64bit-Mach-O,sarl_filtered,holonomic,0,transition,decision,36,1.913818276888277,4.969729745425866,5.000808448312455,0
CPU,macOS-26.6.2-arm64-arm-64bit-Mach-O,sarl_filtered,holonomic,0,transition,inference,36,0.0018692505060850333,0.002646498614922166,0.0028879479941679165,0
CPU,macOS-26.6.2-arm64-arm-64bit-Mach-O,sarl_filtered,holonomic,0,warmed,decision,658,0.7968744908866053,3.92510630445031,5.410064809111645,0
CPU,macOS-26.6.2-arm64-arm-64bit-Mach-O,sarl_filtered,holonomic,0,warmed,inference,658,0.0014312280458575086,0.002082998616970144,0.004829621248063539,0
CPU,macOS-26.6.2-arm64-arm-64bit-Mach-O,sarl_filtered,holonomic,1,cold_instance,decision,67,20.49482711907928,24.7735955985263,41.498211779544505,0
CPU,macOS-26.6.2-arm64-arm-64bit-Mach-O,sarl_filtered,holonomic,1,cold_instance,inference,67,16.810700282912332,19.47367520260741,36.62638399662698,0
CPU,macOS-26.6.2-arm64-arm-64bit-Mach-O,sarl_filtered,holonomic,1,transition,decision,268,18.945631555992016,23.32041029912943,66.36534802877577,0
CPU,macOS-26.6.2-arm64-arm-64bit-Mach-O,sarl_filtered,holonomic,1,transition,inference,268,16.436933947913,20.69027445213578,63.61661449649546,0
CPU,macOS-26.6.2-arm64-arm-64bit-Mach-O,sarl_filtered,holonomic,1,warmed,decision,21821,17.829910112730577,20.98570800444577,27.04970839695304,4
CPU,macOS-26.6.2-arm64-arm-64bit-Mach-O,sarl_filtered,holonomic,1,warmed,inference,21821,15.881526305498273,18.853333000151906,23.009683002601363,3
CPU,macOS-26.6.2-arm64-arm-64bit-Mach-O,sarl_filtered,holonomic,2,cold_instance,decision,22,21.699920408454172,24.872890250844648,25.703210823267,0
CPU,macOS-26.6.2-arm64-arm-64bit-Mach-O,sarl_filtered,holonomic,2,cold_instance,inference,22,18.037299182734305,20.80674760072725,21.810506753754453,0
CPU,macOS-26.6.2-arm64-arm-64bit-Mach-O,sarl_filtered,holonomic,2,transition,decision,88,20.304750454174197,25.351208552456228,25.452199710853165,0
CPU,macOS-26.6.2-arm64-arm-64bit-Mach-O,sarl_filtered,holonomic,2,transition,inference,88,17.224803522698164,20.27093924989458,20.47616853749787,0
CPU,macOS-26.6.2-arm64-arm-64bit-Mach-O,sarl_filtered,holonomic,2,warmed,decision,6942,21.88975918706755,26.47723779991793,40.559034936741234,4
CPU,macOS-26.6.2-arm64-arm-64bit-Mach-O,sarl_filtered,holonomic,2,warmed,inference,6942,18.596103204994037,20.858625001710607,35.844740001557625,3
CPU,macOS-26.6.2-arm64-arm-64bit-Mach-O,sarl_filtered,holonomic,3,cold_instance,decision,3,19.030000335381676,19.393270602449775,19.40802052267827,0
CPU,macOS-26.6.2-arm64-arm-64bit-Mach-O,sarl_filtered,holonomic,3,cold_instance,inference,3,17.84802800102625,18.2533670005796,18.286207000928698,0
CPU,macOS-26.6.2-arm64-arm-64bit-Mach-O,sarl_filtered,holonomic,3,transition,decision,12,18.199152749123943,18.718935451761354,18.88175349246012,0
CPU,macOS-26.6.2-arm64-arm-64bit-Mach-O,sarl_filtered,holonomic,3,transition,inference,12,17.113541582148173,17.549425149627496,17.70261862926418,0
CPU,macOS-26.6.2-arm64-arm-64bit-Mach-O,sarl_filtered,holonomic,3,warmed,decision,1545,19.51935061104415,22.97853359923465,25.990704960131552,0
CPU,macOS-26.6.2-arm64-arm-64bit-Mach-O,sarl_filtered,holonomic,3,warmed,inference,1545,17.210859856903582,18.78687440039357,21.51939348055748,0
CPU,macOS-26.6.2-arm64-arm-64bit-Mach-O,sarl_filtered,holonomic,all,cold_instance,decision,101,19.21577639565146,24.88045900099678,27.580000001762528,0
CPU,macOS-26.6.2-arm64-arm-64bit-Mach-O,sarl_filtered,holonomic,all,cold_instance,inference,101,15.611502494937325,20.318082999438047,22.074083004554268,0
CPU,macOS-26.6.2-arm64-arm-64bit-Mach-O,sarl_filtered,holonomic,all,transition,decision,404,17.701818286957067,24.23874199848796,34.79615127296686,0
CPU,macOS-26.6.2-arm64-arm-64bit-Mach-O,sarl_filtered,holonomic,all,transition,inference,404,15.164135643668613,20.190633049423923,28.990943988828636,0
CPU,macOS-26.6.2-arm64-arm-64bit-Mach-O,sarl_filtered,holonomic,all,warmed,decision,30966,18.46240770379072,23.6250107500382,31.227266354835507,8
CPU,macOS-26.6.2-arm64-arm-64bit-Mach-O,sarl_filtered,holonomic,all,warmed,inference,30966,16.21897094194654,19.82823899925279,26.233091653557256,6
CPU,macOS-26.6.2-arm64-arm-64bit-Mach-O,sarl_no_goals,holonomic,0,cold_instance,decision,9,0.01210644566324643,0.013408201630227268,0.013581641833297908,0
CPU,macOS-26.6.2-arm64-arm-64bit-Mach-O,sarl_no_goals,holonomic,0,cold_instance,inference,9,0.007791665363280724,0.0091248017270118,0.009391362546011806,0
CPU,macOS-26.6.2-arm64-arm-64bit-Mach-O,sarl_no_goals,holonomic,0,transition,decision,36,0.0030972500503089074,0.0046877466957084835,0.005047704325988888,0
CPU,macOS-26.6.2-arm64-arm-64bit-Mach-O,sarl_no_goals,holonomic,0,transition,inference,36,0.0013102223116826888,0.0018959999579237774,0.002039598621195182,0
CPU,macOS-26.6.2-arm64-arm-64bit-Mach-O,sarl_no_goals,holonomic,0,warmed,decision,658,0.002351952900708084,0.0028750000637955964,0.0037021189200459005,0
CPU,macOS-26.6.2-arm64-arm-64bit-Mach-O,sarl_no_goals,holonomic,0,warmed,inference,658,0.0009951489666331062,0.0012500022421590984,0.00145800004247576,0
CPU,macOS-26.6.2-arm64-arm-64bit-Mach-O,sarl_no_goals,holonomic,1,cold_instance,decision,67,16.757582745765884,19.227987394697266,36.239025840041144,0
CPU,macOS-26.6.2-arm64-arm-64bit-Mach-O,sarl_no_goals,holonomic,1,cold_instance,inference,67,16.71938680624068,19.187329604756087,36.160346161050406,0
CPU,macOS-26.6.2-arm64-arm-64bit-Mach-O,sarl_no_goals,holonomic,1,transition,decision,268,16.217779395528442,19.160442099018837,63.5977963598998,0
CPU,macOS-26.6.2-arm64-arm-64bit-Mach-O,sarl_no_goals,holonomic,1,transition,inference,268,16.18889910048947,19.129708100444986,63.49044477858115,0
CPU,macOS-26.6.2-arm64-arm-64bit-Mach-O,sarl_no_goals,holonomic,1,warmed,decision,13922,15.657889122488937,18.73418959949049,20.3751100379304,0
CPU,macOS-26.6.2-arm64-arm-64bit-Mach-O,sarl_no_goals,holonomic,1,warmed,inference,13922,15.630658162705233,18.707237497437745,20.328921183318,0
CPU,macOS-26.6.2-arm64-arm-64bit-Mach-O,sarl_no_goals,holonomic,2,cold_instance,decision,22,18.983322181818288,22.257348252969678,26.425103249421223,0
CPU,macOS-26.6.2-arm64-arm-64bit-Mach-O,sarl_no_goals,holonomic,2,cold_instance,inference,22,18.924903364015996,22.19347915633989,26.358428182938948,0
CPU,macOS-26.6.2-arm64-arm-64bit-Mach-O,sarl_no_goals,holonomic,2,transition,decision,88,17.811944613227254,21.61104769947997,22.38381749630206,0
CPU,macOS-26.6.2-arm64-arm-64bit-Mach-O,sarl_no_goals,holonomic,2,transition,inference,88,17.763731534779996,21.552785201492952,22.322903171589125,0
CPU,macOS-26.6.2-arm64-arm-64bit-Mach-O,sarl_no_goals,holonomic,2,warmed,decision,2903,20.24207872989865,25.281375003396533,57.63598365534564,1
CPU,macOS-26.6.2-arm64-arm-64bit-Mach-O,sarl_no_goals,holonomic,2,warmed,inference,2903,20.162107014248598,25.08771249704296,56.87362650030993,1
CPU,macOS-26.6.2-arm64-arm-64bit-Mach-O,sarl_no_goals,holonomic,3,cold_instance,decision,3,18.847403000108898,19.936016697465675,20.001003337238217,0
CPU,macOS-26.6.2-arm64-arm-64bit-Mach-O,sarl_no_goals,holonomic,3,cold_instance,inference,3,18.782930332235992,19.868995502474718,19.933565502869897,0
CPU,macOS-26.6.2-arm64-arm-64bit-Mach-O,sarl_no_goals,holonomic,3,transition,decision,12,18.552610999904573,21.74648765139864,21.873831132688792,0
CPU,macOS-26.6.2-arm64-arm-64bit-Mach-O,sarl_no_goals,holonomic,3,transition,inference,12,18.486628416818956,21.671737649739953,21.799081131030107,0
CPU,macOS-26.6.2-arm64-arm-64bit-Mach-O,sarl_no_goals,holonomic,3,warmed,decision,1134,18.58035460241725,21.8370437502017,29.805330076706035,0
CPU,macOS-26.6.2-arm64-arm-64bit-Mach-O,sarl_no_goals,holonomic,3,warmed,inference,1134,18.504210578487285,21.687539800404913,29.69447761330233,0
CPU,macOS-26.6.2-arm64-arm-64bit-Mach-O,sarl_no_goals,holonomic,all,cold_instance,decision,101,15.812299989877351,21.24533300229814,27.528416998393368,0
CPU,macOS-26.6.2-arm64-arm-64bit-Mach-O,sarl_no_goals,holonomic,all,cold_instance,inference,101,15.771937683281733,21.183666998695116,27.461042001959868,0
CPU,macOS-26.6.2-arm64-arm-64bit-Mach-O,sarl_no_goals,holonomic,all,transition,decision,404,15.189502071698731,21.188675047596902,24.038407504849545,0
CPU,macOS-26.6.2-arm64-arm-64bit-Mach-O,sarl_no_goals,holonomic,all,transition,inference,404,15.157722878705112,21.119424999778843,23.954358729242756,0
CPU,macOS-26.6.2-arm64-arm-64bit-Mach-O,sarl_no_goals,holonomic,all,warmed,decision,18617,15.99739789548996,20.25300840177806,26.749551441753294,1
CPU,macOS-26.6.2-arm64-arm-64bit-Mach-O,sarl_no_goals,holonomic,all,warmed,inference,18617,15.959878025867248,20.204991598438937,26.503508003370374,1
CPU,macOS-26.6.2-arm64-arm-64bit-Mach-O,sarl_reference,holonomic,0,cold_instance,decision,9,0.023046333000012156,0.05159959691809489,0.0666527173598297,0
CPU,macOS-26.6.2-arm64-arm-64bit-Mach-O,sarl_reference,holonomic,0,cold_instance,inference,9,0.01765744430789103,0.047174797509796904,0.06240135815460235,0
CPU,macOS-26.6.2-arm64-arm-64bit-Mach-O,sarl_reference,holonomic,0,transition,decision,36,0.003256971669745528,0.004697996700997464,0.005008101652492768,0
CPU,macOS-26.6.2-arm64-arm-64bit-Mach-O,sarl_reference,holonomic,0,transition,inference,36,0.00140047328992902,0.0019274975784355775,0.0020941992261214177,0
CPU,macOS-26.6.2-arm64-arm-64bit-Mach-O,sarl_reference,holonomic,0,warmed,decision,658,0.0024188845011470753,0.0029581526177935302,0.0034164325188612565,0
CPU,macOS-26.6.2-arm64-arm-64bit-Mach-O,sarl_reference,holonomic,0,warmed,inference,658,0.0010173418537018633,0.0012500022421590984,0.0013926332030678148,0
CPU,macOS-26.6.2-arm64-arm-64bit-Mach-O,sarl_reference,holonomic,1,cold_instance,decision,67,16.23971704519597,18.959162398823537,19.765241782442907,0
CPU,macOS-26.6.2-arm64-arm-64bit-Mach-O,sarl_reference,holonomic,1,cold_instance,inference,67,16.20428667239994,18.91854999557836,19.724304382689304,0
CPU,macOS-26.6.2-arm64-arm-64bit-Mach-O,sarl_reference,holonomic,1,transition,decision,268,15.589884507301292,18.28122335136868,19.547868141016803,0
CPU,macOS-26.6.2-arm64-arm-64bit-Mach-O,sarl_reference,holonomic,1,transition,inference,268,15.56105377225756,18.250737497146474,19.517026360117594,0
CPU,macOS-26.6.2-arm64-arm-64bit-Mach-O,sarl_reference,holonomic,1,warmed,decision,13922,16.141511061604334,18.94781934897764,63.49290181686226,0
CPU,macOS-26.6.2-arm64-arm-64bit-Mach-O,sarl_reference,holonomic,1,warmed,inference,13922,16.113327153908926,18.911461048628546,63.36899382156843,0
CPU,macOS-26.6.2-arm64-arm-64bit-Mach-O,sarl_reference,holonomic,2,cold_instance,decision,22,22.759965862364467,28.786868101087748,67.67182042516647,0
CPU,macOS-26.6.2-arm64-arm-64bit-Mach-O,sarl_reference,holonomic,2,cold_instance,inference,22,22.703657273020575,28.735529500772827,67.61122256793892,0
CPU,macOS-26.6.2-arm64-arm-64bit-Mach-O,sarl_reference,holonomic,2,transition,decision,88,18.46316953444991,23.066791448945878,57.6573013725283,0
CPU,macOS-26.6.2-arm64-arm-64bit-Mach-O,sarl_reference,holonomic,2,transition,inference,88,18.41770035199178,23.011610650792136,57.603038245069904,0
CPU,macOS-26.6.2-arm64-arm-64bit-Mach-O,sarl_reference,holonomic,2,warmed,decision,2921,18.555277245819678,21.912457996222656,26.644499799294927,0
CPU,macOS-26.6.2-arm64-arm-64bit-Mach-O,sarl_reference,holonomic,2,warmed,inference,2921,18.50428910408542,21.863291993213352,26.582708599744425,0
CPU,macOS-26.6.2-arm64-arm-64bit-Mach-O,sarl_reference,holonomic,3,cold_instance,decision,3,19.526666668146692,21.084541703021387,21.261808343260782,0
CPU,macOS-26.6.2-arm64-arm-64bit-Mach-O,sarl_reference,holonomic,3,cold_instance,inference,3,19.458263663788482,21.01859139656881,21.195584676752333,0
CPU,macOS-26.6.2-arm64-arm-64bit-Mach-O,sarl_reference,holonomic,3,transition,decision,12,17.22485400023288,17.65682269615354,17.706598139193375,0
CPU,macOS-26.6.2-arm64-arm-64bit-Mach-O,sarl_reference,holonomic,3,transition,inference,12,17.163527749289642,17.59571250040608,17.647742502813344,0
CPU,macOS-26.6.2-arm64-arm-64bit-Mach-O,sarl_reference,holonomic,3,warmed,decision,1134,17.396800201110572,19.218950003414644,21.123891892566462,0
CPU,macOS-26.6.2-arm64-arm-64bit-Mach-O,sarl_reference,holonomic,3,warmed,inference,1134,17.32945560398729,19.137883551229606,21.03160208069312,0
CPU,macOS-26.6.2-arm64-arm-64bit-Mach-O,sarl_reference,holonomic,all,cold_instance,decision,101,16.312551564372164,22.4305000010645,28.848916001152247,0
CPU,macOS-26.6.2-arm64-arm-64bit-Mach-O,sarl_reference,holonomic,all,cold_instance,inference,101,16.27427104007312,22.362791998602916,28.797667000617366,0
CPU,macOS-26.6.2-arm64-arm-64bit-Mach-O,sarl_reference,holonomic,all,transition,decision,404,14.875404618740703,19.65735009980562,23.069458007084904,0
CPU,macOS-26.6.2-arm64-arm-64bit-Mach-O,sarl_reference,holonomic,all,transition,inference,404,14.844388098936179,19.625598200218512,23.01402377044724,0
CPU,macOS-26.6.2-arm64-arm-64bit-Mach-O,sarl_reference,holonomic,all,warmed,decision,18635,16.02638287570464,20.63122059917077,43.81903300207333,0
CPU,macOS-26.6.2-arm64-arm-64bit-Mach-O,sarl_reference,holonomic,all,warmed,inference,18635,15.99318707677032,20.573496098950272,43.75892321986605,0
CPU,macOS-26.6.2-arm64-arm-64bit-Mach-O,sarl_theta,holonomic,0,cold_instance,decision,9,0.014458333478412695,0.017408198618795723,0.017981639539357275,0
CPU,macOS-26.6.2-arm64-arm-64bit-Mach-O,sarl_theta,holonomic,0,cold_instance,inference,9,0.00953211080438147,0.01253299560630694,0.01297299430007115,0
CPU,macOS-26.6.2-arm64-arm-64bit-Mach-O,sarl_theta,holonomic,0,transition,decision,36,0.003517361619742587,0.005239502570475452,0.00829980272101238,0
CPU,macOS-26.6.2-arm64-arm-64bit-Mach-O,sarl_theta,holonomic,0,transition,inference,36,0.0014398329868628127,0.001937753040692769,0.0027312515157973376,0
CPU,macOS-26.6.2-arm64-arm-64bit-Mach-O,sarl_theta,holonomic,0,warmed,decision,658,0.00240464299728975,0.003125001967418939,0.0033516297116875627,0
CPU,macOS-26.6.2-arm64-arm-64bit-Mach-O,sarl_theta,holonomic,0,warmed,inference,658,0.0010249698438184861,0.0013329990906640887,0.001500004145782441,0
CPU,macOS-26.6.2-arm64-arm-64bit-Mach-O,sarl_theta,holonomic,1,cold_instance,decision,67,16.304092029754226,19.896824899478815,25.219765440415397,0
CPU,macOS-26.6.2-arm64-arm-64bit-Mach-O,sarl_theta,holonomic,1,cold_instance,inference,67,16.266806552415964,19.853904300543945,25.163965001702348,0
CPU,macOS-26.6.2-arm64-arm-64bit-Mach-O,sarl_theta,holonomic,1,transition,decision,268,15.650974511511627,19.341945951600792,26.179666107491357,0
CPU,macOS-26.6.2-arm64-arm-64bit-Mach-O,sarl_theta,holonomic,1,transition,inference,268,15.622748723855231,19.309560299734585,26.130359862945625,0
CPU,macOS-26.6.2-arm64-arm-64bit-Mach-O,sarl_theta,holonomic,1,warmed,decision,13922,15.533868704554429,18.45300590102852,23.099769889595336,0
CPU,macOS-26.6.2-arm64-arm-64bit-Mach-O,sarl_theta,holonomic,1,warmed,inference,13922,15.507418981141043,18.424622603197346,23.063555752814864,0
CPU,macOS-26.6.2-arm64-arm-64bit-Mach-O,sarl_theta,holonomic,2,cold_instance,decision,22,19.666399635091445,22.48725865065353,42.93572824950386,0
CPU,macOS-26.6.2-arm64-arm-64bit-Mach-O,sarl_theta,holonomic,2,cold_instance,inference,22,19.60842436231112,22.421308347111335,42.87711874974773,0
CPU,macOS-26.6.2-arm64-arm-64bit-Mach-O,sarl_theta,holonomic,2,transition,decision,88,17.513560613555125,21.50518309790641,21.986547789638273,0
CPU,macOS-26.6.2-arm64-arm-64bit-Mach-O,sarl_theta,holonomic,2,transition,inference,88,17.465975840753924,21.454423349132412,21.917154328111785,0
CPU,macOS-26.6.2-arm64-arm-64bit-Mach-O,sarl_theta,holonomic,2,warmed,decision,2921,18.627060464253162,21.63450000080047,25.16940859932226,0
CPU,macOS-26.6.2-arm64-arm-64bit-Mach-O,sarl_theta,holonomic,2,warmed,inference,2921,18.57633669391572,21.56624999770429,25.099449999106646,0
CPU,macOS-26.6.2-arm64-arm-64bit-Mach-O,sarl_theta,holonomic,3,cold_instance,decision,3,21.1653333317372,26.73732920011389,27.486965840071207,0
CPU,macOS-26.6.2-arm64-arm-64bit-Mach-O,sarl_theta,holonomic,3,cold_instance,inference,3,21.094833335761603,26.660650301346323,27.409463661460904,0
CPU,macOS-26.6.2-arm64-arm-64bit-Mach-O,sarl_theta,holonomic,3,transition,decision,12,16.965868166153086,17.731860597632476,18.290972115428303,0
CPU,macOS-26.6.2-arm64-arm-64bit-Mach-O,sarl_theta,holonomic,3,transition,inference,12,16.909062665945385,17.66795259900391,18.227724118623883,0
CPU,macOS-26.6.2-arm64-arm-64bit-Mach-O,sarl_theta,holonomic,3,warmed,decision,1134,18.077039073215843,22.768678951615563,28.51682274718771,0
CPU,macOS-26.6.2-arm64-arm-64bit-Mach-O,sarl_theta,holonomic,3,warmed,inference,1134,18.010301312143838,22.659077749995035,28.430496469518424,0
CPU,macOS-26.6.2-arm64-arm-64bit-Mach-O,sarl_theta,holonomic,all,cold_instance,decision,101,15.729317653089725,21.443584002554417,32.54999999626307,0
CPU,macOS-26.6.2-arm64-arm-64bit-Mach-O,sarl_theta,holonomic,all,cold_instance,inference,101,15.689422415715232,21.400249999715015,32.470000005559996,0
CPU,macOS-26.6.2-arm64-arm-64bit-Mach-O,sarl_theta,holonomic,all,transition,decision,404,14.70141471804484,20.109518697063308,24.240307268482837,0
CPU,macOS-26.6.2-arm64-arm-64bit-Mach-O,sarl_theta,holonomic,all,transition,inference,404,14.670453262273314,20.06162494908493,24.18509647999596,0
CPU,macOS-26.6.2-arm64-arm-64bit-Mach-O,sarl_theta,holonomic,all,warmed,decision,18635,15.625066181111308,20.495241199387237,25.01737027894704,0
CPU,macOS-26.6.2-arm64-arm-64bit-Mach-O,sarl_theta,holonomic,all,warmed,inference,18635,15.593245111698511,20.451570499426445,24.94470371864735,0
